<?xml version = '1.0' encoding = 'UTF-8'?>
<Entity class="oracle.dbtools.crest.model.design.logical.Entity" directorySegmentName="seg_0" id="05E96CB0-EE9D-E157-B7C4-F6CE862B34E0" name="INJERTO">
<createdBy>Carlos</createdBy>
<createdTime>2024-08-24 04:36:14 UTC</createdTime>
<ownerDesignName>ActSumativaS3</ownerDesignName>
<engineerTo>
<item key="32BF40C6-193E-E8E1-F3E7-175C8BF583DA" value="true"/>
</engineerTo>
<adequatelyNormalized>NO</adequatelyNormalized>
<expectedVolumes>0</expectedVolumes>
<fwdEngineeringStrategyName>Single Table</fwdEngineeringStrategyName>
<growthPercent>0</growthPercent>
<growthType>Year</growthType>
<maxVolumes>9999999</maxVolumes>
<minVolumes>0</minVolumes>
<normalForm>Third</normalForm>
<attributes itemClass="oracle.dbtools.crest.model.design.logical.Attribute">
<Attribute name="id_injerto" id="49E7C9A1-B939-C067-1A24-81A0A58A4EBF">
<createdBy>Carlos</createdBy>
<createdTime>2024-08-24 04:40:11 UTC</createdTime>
<ownerDesignName>ActSumativaS3</ownerDesignName>
<engineerTo>
<item key="32BF40C6-193E-E8E1-F3E7-175C8BF583DA" value="true"/>
</engineerTo>
<useDomainConstraints>false</useDomainConstraints>
<use>1</use>
<logicalDatatype>LOGDT011</logicalDatatype>
<ownDataTypeParameters>,,</ownDataTypeParameters>
</Attribute>
</attributes>
<identifiers itemClass="oracle.dbtools.crest.model.design.logical.CandidateKey">
<identifier id="0758D246-F54F-F4ED-B09E-A662EB4AC0ED" name="INJERTO PK">
<createdBy>Carlos</createdBy>
<createdTime>2024-08-24 04:40:25 UTC</createdTime>
<ownerDesignName>ActSumativaS3</ownerDesignName>
<engineerTo>
<item key="32BF40C6-193E-E8E1-F3E7-175C8BF583DA" value="true"/>
</engineerTo>
<pk>true</pk>
<usedAttributes>
<attributeRef>49E7C9A1-B939-C067-1A24-81A0A58A4EBF</attributeRef>
</usedAttributes>
</identifier>
</identifiers>
</Entity>