<?xml version = '1.0' encoding = 'UTF-8'?>
<Entity class="oracle.dbtools.crest.model.design.logical.Entity" directorySegmentName="seg_0" id="89514B48-ABDA-41D6-8299-6B0C7AEB7ABF" name="ARBOL">
<createdBy>Carlos</createdBy>
<createdTime>2024-08-24 04:35:49 UTC</createdTime>
<ownerDesignName>ActSumativaS3</ownerDesignName>
<engineerTo>
<item key="32BF40C6-193E-E8E1-F3E7-175C8BF583DA" value="true"/>
</engineerTo>
<adequatelyNormalized>NO</adequatelyNormalized>
<expectedVolumes>0</expectedVolumes>
<fwdEngineeringStrategyName>Single Table</fwdEngineeringStrategyName>
<growthPercent>0</growthPercent>
<growthType>Year</growthType>
<maxVolumes>9999999</maxVolumes>
<minVolumes>0</minVolumes>
<normalForm>Third</normalForm>
<attributes itemClass="oracle.dbtools.crest.model.design.logical.Attribute">
<Attribute name="id_arbol" id="ACA5AC76-2609-3DF7-D68C-2A5EACB93355">
<createdBy>Carlos</createdBy>
<createdTime>2024-08-24 04:37:39 UTC</createdTime>
<ownerDesignName>ActSumativaS3</ownerDesignName>
<engineerTo>
<item key="32BF40C6-193E-E8E1-F3E7-175C8BF583DA" value="true"/>
</engineerTo>
<useDomainConstraints>false</useDomainConstraints>
<use>1</use>
<logicalDatatype>LOGDT011</logicalDatatype>
<ownDataTypeParameters>,,</ownDataTypeParameters>
</Attribute>
<Attribute name="año_plantado" id="1BFFDB64-812A-0421-7FB8-C27D815B3ED3">
<createdBy>Carlos</createdBy>
<createdTime>2024-08-24 04:37:52 UTC</createdTime>
<ownerDesignName>ActSumativaS3</ownerDesignName>
<engineerTo>
<item key="32BF40C6-193E-E8E1-F3E7-175C8BF583DA" value="true"/>
</engineerTo>
<nullsAllowed>true</nullsAllowed>
<useDomainConstraints>false</useDomainConstraints>
<use>1</use>
<logicalDatatype>LOGDT007</logicalDatatype>
<ownDataTypeParameters>,,</ownDataTypeParameters>
</Attribute>
<Attribute name="año_muerte" id="7B12523B-3E2B-7AD1-DACC-191D56CB6854">
<createdBy>Carlos</createdBy>
<createdTime>2024-08-24 04:38:07 UTC</createdTime>
<ownerDesignName>ActSumativaS3</ownerDesignName>
<engineerTo>
<item key="32BF40C6-193E-E8E1-F3E7-175C8BF583DA" value="true"/>
</engineerTo>
<nullsAllowed>true</nullsAllowed>
<useDomainConstraints>false</useDomainConstraints>
<use>1</use>
<logicalDatatype>LOGDT007</logicalDatatype>
<ownDataTypeParameters>,,</ownDataTypeParameters>
</Attribute>
<Attribute name="id_huerto" id="9AEBF907-FE8E-2542-71DF-B6D597896F11">
<createdBy>Carlos</createdBy>
<createdTime>2024-08-24 04:40:53 UTC</createdTime>
<generatorID>92A22C77-27B8-EDAB-E226-B6DE628CEBFC</generatorID>
<ownerDesignName>ActSumativaS3</ownerDesignName>
<engineerTo>
<item key="32BF40C6-193E-E8E1-F3E7-175C8BF583DA" value="true"/>
</engineerTo>
<referedAttribute>EA8E268C-39ED-84CE-89FE-912FFD5A6347</referedAttribute>
<useDomainConstraints>false</useDomainConstraints>
<use>1</use>
<logicalDatatype>LOGDT011</logicalDatatype>
<ownDataTypeParameters>,,</ownDataTypeParameters>
</Attribute>
<Attribute name="id_especie" id="1F647329-46F6-02E1-75C4-F7923F84255E">
<createdBy>Carlos</createdBy>
<createdTime>2024-08-24 04:50:06 UTC</createdTime>
<generatorID>38AE8BF4-EF11-B2CD-7BCF-F43FF3912CA9</generatorID>
<ownerDesignName>ActSumativaS3</ownerDesignName>
<engineerTo>
<item key="32BF40C6-193E-E8E1-F3E7-175C8BF583DA" value="true"/>
</engineerTo>
<referedAttribute>D5AC6791-BB4D-93C9-08FB-784A179E5715</referedAttribute>
<useDomainConstraints>false</useDomainConstraints>
<use>1</use>
<logicalDatatype>LOGDT011</logicalDatatype>
<ownDataTypeParameters>,,</ownDataTypeParameters>
</Attribute>
<Attribute name="id_injerto" id="9DFE7C39-3661-C11A-983F-D9B2BE9E4A02">
<createdBy>Carlos</createdBy>
<createdTime>2024-08-24 04:52:35 UTC</createdTime>
<generatorID>5D68376C-B541-C239-2546-09BE1AD0CD1F</generatorID>
<ownerDesignName>ActSumativaS3</ownerDesignName>
<engineerTo>
<item key="32BF40C6-193E-E8E1-F3E7-175C8BF583DA" value="true"/>
</engineerTo>
<referedAttribute>49E7C9A1-B939-C067-1A24-81A0A58A4EBF</referedAttribute>
<useDomainConstraints>false</useDomainConstraints>
<use>1</use>
<logicalDatatype>LOGDT011</logicalDatatype>
<ownDataTypeParameters>,,</ownDataTypeParameters>
</Attribute>
</attributes>
<identifiers itemClass="oracle.dbtools.crest.model.design.logical.CandidateKey">
<identifier id="D4C3E735-CDAA-01C2-A1F0-B5F3CA0A12B0" name="ARBOL PK">
<createdBy>Carlos</createdBy>
<createdTime>2024-08-24 04:37:45 UTC</createdTime>
<ownerDesignName>ActSumativaS3</ownerDesignName>
<engineerTo>
<item key="32BF40C6-193E-E8E1-F3E7-175C8BF583DA" value="true"/>
</engineerTo>
<pk>true</pk>
<usedAttributes>
<attributeRef>ACA5AC76-2609-3DF7-D68C-2A5EACB93355</attributeRef>
</usedAttributes>
</identifier>
</identifiers>
</Entity>