<?xml version = '1.0' encoding = 'UTF-8'?>
<Entity class="oracle.dbtools.crest.model.design.logical.Entity" directorySegmentName="seg_0" id="95AC06B1-BB82-D021-F9F5-D825363327EB" name="ESPECIE">
<createdBy>Carlos</createdBy>
<createdTime>2024-08-24 04:36:07 UTC</createdTime>
<ownerDesignName>ActSumativaS3</ownerDesignName>
<engineerTo>
<item key="32BF40C6-193E-E8E1-F3E7-175C8BF583DA" value="true"/>
</engineerTo>
<adequatelyNormalized>NO</adequatelyNormalized>
<expectedVolumes>0</expectedVolumes>
<fwdEngineeringStrategyName>Single Table</fwdEngineeringStrategyName>
<growthPercent>0</growthPercent>
<growthType>Year</growthType>
<maxVolumes>9999999</maxVolumes>
<minVolumes>0</minVolumes>
<normalForm>Third</normalForm>
<attributes itemClass="oracle.dbtools.crest.model.design.logical.Attribute">
<Attribute name="id_especie" id="D5AC6791-BB4D-93C9-08FB-784A179E5715">
<createdBy>Carlos</createdBy>
<createdTime>2024-08-24 04:38:32 UTC</createdTime>
<ownerDesignName>ActSumativaS3</ownerDesignName>
<engineerTo>
<item key="32BF40C6-193E-E8E1-F3E7-175C8BF583DA" value="true"/>
</engineerTo>
<useDomainConstraints>false</useDomainConstraints>
<use>1</use>
<logicalDatatype>LOGDT011</logicalDatatype>
<ownDataTypeParameters>,,</ownDataTypeParameters>
</Attribute>
<Attribute name="nombre_especie" id="57B18D8F-9C79-B0BE-DFBF-E1FD1648C2AA">
<createdBy>Carlos</createdBy>
<createdTime>2024-08-24 04:39:32 UTC</createdTime>
<ownerDesignName>ActSumativaS3</ownerDesignName>
<engineerTo>
<item key="32BF40C6-193E-E8E1-F3E7-175C8BF583DA" value="true"/>
</engineerTo>
<nullsAllowed>true</nullsAllowed>
<useDomainConstraints>false</useDomainConstraints>
<use>1</use>
<logicalDatatype>LOGDT024</logicalDatatype>
<dataTypeSize>20</dataTypeSize>
<ownDataTypeParameters>20,,</ownDataTypeParameters>
</Attribute>
</attributes>
<identifiers itemClass="oracle.dbtools.crest.model.design.logical.CandidateKey">
<identifier id="F2BF8B3F-420B-A611-5B18-1242DC55B5AE" name="ESPECIE PK">
<createdBy>Carlos</createdBy>
<createdTime>2024-08-24 04:38:40 UTC</createdTime>
<ownerDesignName>ActSumativaS3</ownerDesignName>
<engineerTo>
<item key="32BF40C6-193E-E8E1-F3E7-175C8BF583DA" value="true"/>
</engineerTo>
<pk>true</pk>
<usedAttributes>
<attributeRef>D5AC6791-BB4D-93C9-08FB-784A179E5715</attributeRef>
</usedAttributes>
</identifier>
</identifiers>
</Entity>