<?xml version = '1.0' encoding = 'UTF-8'?>
<Entity class="oracle.dbtools.crest.model.design.logical.Entity" directorySegmentName="seg_0" id="CC3567A3-ACF7-4B9C-21DE-AAC6C0A5F95C" name="VARIEDAD">
<createdBy>Carlos</createdBy>
<createdTime>2024-08-24 04:35:59 UTC</createdTime>
<ownerDesignName>ActSumativaS3</ownerDesignName>
<engineerTo>
<item key="32BF40C6-193E-E8E1-F3E7-175C8BF583DA" value="true"/>
</engineerTo>
<adequatelyNormalized>NO</adequatelyNormalized>
<expectedVolumes>0</expectedVolumes>
<fwdEngineeringStrategyName>Single Table</fwdEngineeringStrategyName>
<growthPercent>0</growthPercent>
<growthType>Year</growthType>
<maxVolumes>9999999</maxVolumes>
<minVolumes>0</minVolumes>
<normalForm>Third</normalForm>
<attributes itemClass="oracle.dbtools.crest.model.design.logical.Attribute">
<Attribute name="id_variedad" id="C910F8D2-D7C5-3F74-3B87-9FFAFE01EF6D">
<createdBy>Carlos</createdBy>
<createdTime>2024-08-24 04:38:50 UTC</createdTime>
<ownerDesignName>ActSumativaS3</ownerDesignName>
<engineerTo>
<item key="32BF40C6-193E-E8E1-F3E7-175C8BF583DA" value="true"/>
</engineerTo>
<useDomainConstraints>false</useDomainConstraints>
<use>1</use>
<logicalDatatype>LOGDT011</logicalDatatype>
<ownDataTypeParameters>,,</ownDataTypeParameters>
</Attribute>
<Attribute name="nombre_variedad" id="995389C7-A61E-D693-490F-D33C0632E442">
<createdBy>Carlos</createdBy>
<createdTime>2024-08-24 04:39:04 UTC</createdTime>
<ownerDesignName>ActSumativaS3</ownerDesignName>
<engineerTo>
<item key="32BF40C6-193E-E8E1-F3E7-175C8BF583DA" value="true"/>
</engineerTo>
<nullsAllowed>true</nullsAllowed>
<useDomainConstraints>false</useDomainConstraints>
<use>1</use>
<logicalDatatype>LOGDT024</logicalDatatype>
<dataTypeSize>20</dataTypeSize>
<ownDataTypeParameters>20,,</ownDataTypeParameters>
</Attribute>
<Attribute name="id_injerto" id="6CBA55B4-09CA-CB22-3AB0-87C62C3C23B7">
<createdBy>Carlos</createdBy>
<createdTime>2024-08-24 04:51:58 UTC</createdTime>
<generatorID>9E3DF589-A06D-3106-52B3-1110FD2CF3F6</generatorID>
<ownerDesignName>ActSumativaS3</ownerDesignName>
<engineerTo>
<item key="32BF40C6-193E-E8E1-F3E7-175C8BF583DA" value="true"/>
</engineerTo>
<referedAttribute>49E7C9A1-B939-C067-1A24-81A0A58A4EBF</referedAttribute>
<useDomainConstraints>false</useDomainConstraints>
<use>1</use>
<logicalDatatype>LOGDT011</logicalDatatype>
<ownDataTypeParameters>,,</ownDataTypeParameters>
</Attribute>
<Attribute name="id_especie" id="BC9F20B8-ABA7-2EDD-3E27-0772D39860AA">
<createdBy>Carlos</createdBy>
<createdTime>2024-08-24 04:54:52 UTC</createdTime>
<generatorID>AB037E8F-5F14-A900-9041-59ECB7E7FA9B</generatorID>
<ownerDesignName>ActSumativaS3</ownerDesignName>
<engineerTo>
<item key="32BF40C6-193E-E8E1-F3E7-175C8BF583DA" value="true"/>
</engineerTo>
<referedAttribute>D5AC6791-BB4D-93C9-08FB-784A179E5715</referedAttribute>
<useDomainConstraints>false</useDomainConstraints>
<use>1</use>
<logicalDatatype>LOGDT011</logicalDatatype>
<ownDataTypeParameters>,,</ownDataTypeParameters>
</Attribute>
</attributes>
<identifiers itemClass="oracle.dbtools.crest.model.design.logical.CandidateKey">
<identifier id="4BA184E3-16B2-3985-E54E-AEFCB583C2AD" name="VARIEDAD PK">
<createdBy>Carlos</createdBy>
<createdTime>2024-08-24 04:39:00 UTC</createdTime>
<ownerDesignName>ActSumativaS3</ownerDesignName>
<engineerTo>
<item key="32BF40C6-193E-E8E1-F3E7-175C8BF583DA" value="true"/>
</engineerTo>
<pk>true</pk>
<usedAttributes>
<attributeRef>C910F8D2-D7C5-3F74-3B87-9FFAFE01EF6D</attributeRef>
</usedAttributes>
</identifier>
</identifiers>
</Entity>