<?xml version = '1.0' encoding = 'UTF-8'?>
<relationalModel class="oracle.dbtools.crest.model.design.relational.RelationalDesign" name="Relational_1" id="32BF40C6-193E-E8E1-F3E7-175C8BF583DA" mainViewID="668FC2D7-B8B7-AA7A-E7EE-8917FBF294CC">
<createdBy>Carlos</createdBy>
<createdTime>2024-08-24 04:06:07 UTC</createdTime>
<ownerDesignName>ActSumativaS3</ownerDesignName>
<shouldBeOpen>false</shouldBeOpen>
<selectedRDBMSSite>32076570-2523-435C-2E92-BF29817DFF70</selectedRDBMSSite>
</relationalModel>