<?xml version = '1.0' encoding = 'UTF-8'?>
<Diagram class="oracle.dbtools.crest.swingui.logical.DPVLogical" name="Logical" id="F476B10E-FFAA-0905-1245-2968BB4A062F">
<createdBy>Carlos</createdBy>
<modifiedBy>Carlos</modifiedBy>
<createdTime>2024-08-24 04:09:59 UTC</createdTime>
<autoRoute>false</autoRoute>
<boxInbox>true</boxInbox>
<showLegend>false</showLegend>
<showLabels>false</showLabels>
<showRelAttributes>false</showRelAttributes>
<gridEnabled>false</gridEnabled>
<showGrid>false</showGrid>
<diagramColor>-1</diagramColor>
<display>false</display>
<notation>1</notation>
<objectViews>
<OView class="oracle.dbtools.crest.swingui.logical.TVEntity" oid="00F053BD-0E50-84AC-E199-EAF499EC8D61" otype="Entity" vid="BD145FAA-AA04-4875-75C3-39EF05047A6A">
<hideElementsInCurrentOnly>false</hideElementsInCurrentOnly>
<bounds x="80" y="40" width="200" height="120"/>
</OView>
<OView class="oracle.dbtools.crest.swingui.logical.TVEntity" oid="05E96CB0-EE9D-E157-B7C4-F6CE862B34E0" otype="Entity" vid="6A7ACBD0-419A-89B5-1D7A-FD3F83B49FC9">
<hideElementsInCurrentOnly>false</hideElementsInCurrentOnly>
<bounds x="72" y="423" width="170" height="92"/>
</OView>
<OView class="oracle.dbtools.crest.swingui.logical.TVEntity" oid="89514B48-ABDA-41D6-8299-6B0C7AEB7ABF" otype="Entity" vid="8FBF572B-A63C-8B51-9BD4-F68C07F30355">
<hideElementsInCurrentOnly>false</hideElementsInCurrentOnly>
<bounds x="81" y="204" width="198" height="184"/>
</OView>
<OView class="oracle.dbtools.crest.swingui.logical.TVEntity" oid="95AC06B1-BB82-D021-F9F5-D825363327EB" otype="Entity" vid="54649BF5-94BC-3FC7-69CF-B6668C18345A">
<hideElementsInCurrentOnly>false</hideElementsInCurrentOnly>
<bounds x="412" y="216" width="225" height="110"/>
</OView>
<OView class="oracle.dbtools.crest.swingui.logical.TVEntity" oid="CC3567A3-ACF7-4B9C-21DE-AAC6C0A5F95C" otype="Entity" vid="189851CB-AD82-2A2D-36B0-FA9F16385876">
<hideElementsInCurrentOnly>false</hideElementsInCurrentOnly>
<bounds x="410" y="402" width="207" height="110"/>
</OView>
</objectViews>
<connectors>
<Connector class="oracle.dbtools.crest.swingui.logical.TVRelation" oid="38AE8BF4-EF11-B2CD-7BCF-F43FF3912CA9" otype="Relation" vid_source="54649BF5-94BC-3FC7-69CF-B6668C18345A" vid_target="8FBF572B-A63C-8B51-9BD4-F68C07F30355">
<hideElementsInCurrentOnly>false</hideElementsInCurrentOnly>
<backgroundColor>-16777216</backgroundColor>
<lineWidth>1</lineWidth>
<points>
<point x="412" y="256"/>
<point x="279" y="256"/>
</points>
</Connector>
<Connector class="oracle.dbtools.crest.swingui.logical.TVRelation" oid="5D68376C-B541-C239-2546-09BE1AD0CD1F" otype="Relation" vid_source="6A7ACBD0-419A-89B5-1D7A-FD3F83B49FC9" vid_target="8FBF572B-A63C-8B51-9BD4-F68C07F30355">
<hideElementsInCurrentOnly>false</hideElementsInCurrentOnly>
<backgroundColor>-16777216</backgroundColor>
<lineWidth>1</lineWidth>
<points>
<point x="176" y="423"/>
<point x="176" y="388"/>
</points>
</Connector>
<Connector class="oracle.dbtools.crest.swingui.logical.TVRelation" oid="92A22C77-27B8-EDAB-E226-B6DE628CEBFC" otype="Relation" vid_source="BD145FAA-AA04-4875-75C3-39EF05047A6A" vid_target="8FBF572B-A63C-8B51-9BD4-F68C07F30355">
<hideElementsInCurrentOnly>false</hideElementsInCurrentOnly>
<backgroundColor>-16777216</backgroundColor>
<lineWidth>1</lineWidth>
<points>
<point x="180" y="160"/>
<point x="180" y="204"/>
</points>
</Connector>
<Connector class="oracle.dbtools.crest.swingui.logical.TVRelation" oid="9E3DF589-A06D-3106-52B3-1110FD2CF3F6" otype="Relation" vid_source="6A7ACBD0-419A-89B5-1D7A-FD3F83B49FC9" vid_target="189851CB-AD82-2A2D-36B0-FA9F16385876">
<hideElementsInCurrentOnly>false</hideElementsInCurrentOnly>
<backgroundColor>-16777216</backgroundColor>
<lineWidth>1</lineWidth>
<points>
<point x="242" y="467"/>
<point x="410" y="467"/>
</points>
</Connector>
<Connector class="oracle.dbtools.crest.swingui.logical.TVRelation" oid="AB037E8F-5F14-A900-9041-59ECB7E7FA9B" otype="Relation" vid_source="54649BF5-94BC-3FC7-69CF-B6668C18345A" vid_target="189851CB-AD82-2A2D-36B0-FA9F16385876">
<hideElementsInCurrentOnly>false</hideElementsInCurrentOnly>
<backgroundColor>-16777216</backgroundColor>
<lineWidth>1</lineWidth>
<points>
<point x="514" y="326"/>
<point x="514" y="402"/>
</points>
</Connector>
</connectors>
</Diagram>