<?xml version = '1.0' encoding = 'UTF-8'?>
<Relation class="oracle.dbtools.crest.model.design.logical.Relation" name="Relation_4" directorySegmentName="seg_0" id="38AE8BF4-EF11-B2CD-7BCF-F43FF3912CA9">
<createdBy>Carlos</createdBy>
<createdTime>2024-08-24 04:50:06 UTC</createdTime>
<ownerDesignName>ActSumativaS3</ownerDesignName>
<engineerTo>
<item key="32BF40C6-193E-E8E1-F3E7-175C8BF583DA" value="true"/>
</engineerTo>
<sourcePk>F2BF8B3F-420B-A611-5B18-1242DC55B5AE</sourcePk>
<identifying>false</identifying>
<nameOnSource>tiene</nameOnSource>
<nameOnTarget>pertenece</nameOnTarget>
<optionalSource>false</optionalSource>
<optionalTarget>false</optionalTarget>
<sourceCardinality>1</sourceCardinality>
<sourceEntity>95AC06B1-BB82-D021-F9F5-D825363327EB</sourceEntity>
<targetCardinalityString>*</targetCardinalityString>
<targetEntity>89514B48-ABDA-41D6-8299-6B0C7AEB7ABF</targetEntity>
<transferable>true</transferable>
<deleteRule>NO ACTION</deleteRule>
</Relation>