<?xml version = '1.0' encoding = 'UTF-8'?>
<Relation class="oracle.dbtools.crest.model.design.logical.Relation" name="Relation_7" directorySegmentName="seg_0" id="5D68376C-B541-C239-2546-09BE1AD0CD1F">
<createdBy>Carlos</createdBy>
<createdTime>2024-08-24 04:52:35 UTC</createdTime>
<ownerDesignName>ActSumativaS3</ownerDesignName>
<engineerTo>
<item key="32BF40C6-193E-E8E1-F3E7-175C8BF583DA" value="true"/>
</engineerTo>
<sourcePk>0758D246-F54F-F4ED-B09E-A662EB4AC0ED</sourcePk>
<identifying>false</identifying>
<optionalSource>false</optionalSource>
<optionalTarget>false</optionalTarget>
<sourceCardinality>1</sourceCardinality>
<sourceEntity>05E96CB0-EE9D-E157-B7C4-F6CE862B34E0</sourceEntity>
<targetCardinalityString>*</targetCardinalityString>
<targetEntity>89514B48-ABDA-41D6-8299-6B0C7AEB7ABF</targetEntity>
<transferable>true</transferable>
<deleteRule>NO ACTION</deleteRule>
</Relation>