<?xml version = '1.0' encoding = 'UTF-8'?>
<Relation class="oracle.dbtools.crest.model.design.logical.Relation" name="Relation_1" directorySegmentName="seg_0" id="92A22C77-27B8-EDAB-E226-B6DE628CEBFC">
<createdBy>Carlos</createdBy>
<createdTime>2024-08-24 04:40:53 UTC</createdTime>
<ownerDesignName>ActSumativaS3</ownerDesignName>
<engineerTo>
<item key="32BF40C6-193E-E8E1-F3E7-175C8BF583DA" value="true"/>
</engineerTo>
<sourcePk>9F283B50-ADAC-2AF0-435A-7BDEB38DD952</sourcePk>
<identifying>false</identifying>
<nameOnSource>tiene</nameOnSource>
<nameOnTarget>pertenece</nameOnTarget>
<optionalSource>false</optionalSource>
<optionalTarget>false</optionalTarget>
<sourceCardinality>1</sourceCardinality>
<sourceEntity>00F053BD-0E50-84AC-E199-EAF499EC8D61</sourceEntity>
<targetCardinalityString>*</targetCardinalityString>
<targetEntity>89514B48-ABDA-41D6-8299-6B0C7AEB7ABF</targetEntity>
<transferable>true</transferable>
<deleteRule>NO ACTION</deleteRule>
</Relation>