<?xml version = '1.0' encoding = 'UTF-8'?>
<Relation class="oracle.dbtools.crest.model.design.logical.Relation" name="Relation_6" directorySegmentName="seg_0" id="9E3DF589-A06D-3106-52B3-1110FD2CF3F6">
<createdBy>Carlos</createdBy>
<createdTime>2024-08-24 04:51:58 UTC</createdTime>
<ownerDesignName>ActSumativaS3</ownerDesignName>
<engineerTo>
<item key="32BF40C6-193E-E8E1-F3E7-175C8BF583DA" value="true"/>
</engineerTo>
<sourcePk>0758D246-F54F-F4ED-B09E-A662EB4AC0ED</sourcePk>
<identifying>false</identifying>
<optionalSource>false</optionalSource>
<optionalTarget>false</optionalTarget>
<sourceCardinality>1</sourceCardinality>
<sourceEntity>05E96CB0-EE9D-E157-B7C4-F6CE862B34E0</sourceEntity>
<targetCardinalityString>*</targetCardinalityString>
<targetEntity>CC3567A3-ACF7-4B9C-21DE-AAC6C0A5F95C</targetEntity>
<transferable>true</transferable>
<deleteRule>NO ACTION</deleteRule>
</Relation>