<?xml version = '1.0' encoding = 'UTF-8'?>
<Relation class="oracle.dbtools.crest.model.design.logical.Relation" name="Relation_8" directorySegmentName="seg_0" id="AB037E8F-5F14-A900-9041-59ECB7E7FA9B">
<createdBy>Carlos</createdBy>
<createdTime>2024-08-24 04:54:52 UTC</createdTime>
<ownerDesignName>ActSumativaS3</ownerDesignName>
<engineerTo>
<item key="32BF40C6-193E-E8E1-F3E7-175C8BF583DA" value="true"/>
</engineerTo>
<sourcePk>F2BF8B3F-420B-A611-5B18-1242DC55B5AE</sourcePk>
<identifying>false</identifying>
<optionalSource>false</optionalSource>
<optionalTarget>false</optionalTarget>
<sourceCardinality>1</sourceCardinality>
<sourceEntity>95AC06B1-BB82-D021-F9F5-D825363327EB</sourceEntity>
<targetCardinalityString>*</targetCardinalityString>
<targetEntity>CC3567A3-ACF7-4B9C-21DE-AAC6C0A5F95C</targetEntity>
<transferable>true</transferable>
<deleteRule>NO ACTION</deleteRule>
</Relation>